{
    "last_node_id": 8,
    "last_link_id": 7,
    "nodes": [
        {
            "id": 1,
            "type": "UmiCharacterManager",
            "pos": [
                100,
                100
            ],
            "size": {
                "0": 315,
                "1": 200
            },
            "flags": {},
            "order": 0,
            "mode": 0,
            "outputs": [
                {
                    "name": "prompt",
                    "type": "STRING",
                    "links": [
                        1
                    ]
                },
                {
                    "name": "negative",
                    "type": "STRING",
                    "links": []
                },
                {
                    "name": "reference_image",
                    "type": "IMAGE",
                    "links": []
                }
            ],
            "title": "UmiAI Character Manager"
        },
        {
            "id": 2,
            "type": "UmiPoseLibrary",
            "pos": [
                100,
                350
            ],
            "size": {
                "0": 315,
                "1": 120
            },
            "flags": {},
            "order": 1,
            "mode": 0,
            "outputs": [
                {
                    "name": "pose_prompt",
                    "type": "STRING",
                    "links": [
                        2
                    ]
                },
                {
                    "name": "pose_tags",
                    "type": "STRING",
                    "links": []
                }
            ],
            "title": "UmiAI Pose Library"
        },
        {
            "id": 3,
            "type": "UmiExpressionMixer",
            "pos": [
                100,
                520
            ],
            "size": {
                "0": 315,
                "1": 180
            },
            "flags": {},
            "order": 2,
            "mode": 0,
            "outputs": [
                {
                    "name": "expression_prompt",
                    "type": "STRING",
                    "links": [
                        3
                    ]
                },
                {
                    "name": "emotion_mix",
                    "type": "STRING",
                    "links": []
                }
            ],
            "title": "UmiAI Expression Mixer"
        },
        {
            "id": 4,
            "type": "UmiSceneComposer",
            "pos": [
                100,
                750
            ],
            "size": {
                "0": 315,
                "1": 150
            },
            "flags": {},
            "order": 3,
            "mode": 0,
            "outputs": [
                {
                    "name": "scene_prompt",
                    "type": "STRING",
                    "links": [
                        4
                    ]
                }
            ],
            "title": "UmiAI Scene Composer"
        },
        {
            "id": 5,
            "type": "UmiCaptionGenerator",
            "pos": [
                500,
                100
            ],
            "size": {
                "0": 350,
                "1": 250
            },
            "flags": {},
            "order": 4,
            "mode": 0,
            "outputs": [
                {
                    "name": "caption",
                    "type": "STRING",
                    "links": []
                }
            ],
            "title": "UmiAI Caption Generator"
        },
        {
            "id": 6,
            "type": "UmiDatasetExport",
            "pos": [
                500,
                400
            ],
            "size": {
                "0": 350,
                "1": 320
            },
            "flags": {},
            "order": 5,
            "mode": 0,
            "inputs": [
                {
                    "name": "images",
                    "type": "IMAGE",
                    "link": null
                }
            ],
            "outputs": [
                {
                    "name": "output_path",
                    "type": "STRING",
                    "links": []
                },
                {
                    "name": "status",
                    "type": "STRING",
                    "links": []
                },
                {
                    "name": "image_count",
                    "type": "INT",
                    "links": []
                }
            ],
            "title": "UmiAI Dataset Export (LoRA Training)"
        }
    ],
    "links": [
        [
            1,
            1,
            0,
            null,
            null,
            "STRING"
        ],
        [
            2,
            2,
            0,
            null,
            null,
            "STRING"
        ],
        [
            3,
            3,
            0,
            null,
            null,
            "STRING"
        ],
        [
            4,
            4,
            0,
            null,
            null,
            "STRING"
        ]
    ],
    "groups": [],
    "config": {},
    "extra": {
        "info": {
            "name": "UmiAI LoRA Dataset Workflow",
            "description": "Generate character images with captions for LoRA training"
        }
    },
    "version": 0.4
}