{"id":"e93d3af8-32b6-4fb0-875b-ce8552dbc13b","revision":0,"last_node_id":14,"last_link_id":27,"nodes":[{"id":1,"type":"UNETLoader","pos":[-333.6749475640033,81.57334257777687],"size":[270,82],"flags":{},"order":0,"mode":0,"inputs":[{"localized_name":"unet_name","name":"unet_name","type":"COMBO","widget":{"name":"unet_name"},"link":null},{"localized_name":"weight_dtype","name":"weight_dtype","type":"COMBO","widget":{"name":"weight_dtype"},"link":null}],"outputs":[{"localized_name":"MODEL","name":"MODEL","type":"MODEL","links":[1]}],"properties":{"cnr_id":"comfy-core","ver":"0.3.75","Node name for S&R":"UNETLoader"},"widgets_values":["z-image-turbo-fp8-e4m3fn.safetensors","fp8_e4m3fn"],"color":"#233","bgcolor":"#355"},{"id":2,"type":"CLIPLoader","pos":[-333.6749475640032,212.631769090579],"size":[270,106],"flags":{},"order":1,"mode":0,"inputs":[{"localized_name":"clip_name","name":"clip_name","type":"COMBO","widget":{"name":"clip_name"},"link":null},{"localized_name":"type","name":"type","type":"COMBO","widget":{"name":"type"},"link":null},{"localized_name":"device","name":"device","shape":7,"type":"COMBO","widget":{"name":"device"},"link":null}],"outputs":[{"localized_name":"CLIP","name":"CLIP","type":"CLIP","links":[19]}],"properties":{"cnr_id":"comfy-core","ver":"0.3.75","Node name for S&R":"CLIPLoader"},"widgets_values":["qwen_3_4b.safetensors","stable_diffusion","default"],"color":"#233","bgcolor":"#355"},{"id":3,"type":"VAELoader","pos":[-336.93105753947617,369.7390754071681],"size":[270,58],"flags":{},"order":2,"mode":0,"inputs":[{"localized_name":"vae_name","name":"vae_name","type":"COMBO","widget":{"name":"vae_name"},"link":null}],"outputs":[{"localized_name":"VAE","name":"VAE","type":"VAE","links":[13]}],"properties":{"cnr_id":"comfy-core","ver":"0.3.75","Node name for S&R":"VAELoader"},"widgets_values":["ae.safetensors"],"color":"#233","bgcolor":"#355"},{"id":4,"type":"EmptySD3LatentImage","pos":[-339.37314002108184,493.4712544751575],"size":[270,106],"flags":{},"order":8,"mode":0,"inputs":[{"localized_name":"width","name":"width","type":"INT","widget":{"name":"width"},"link":10},{"localized_name":"height","name":"height","type":"INT","widget":{"name":"height"},"link":11},{"localized_name":"batch_size","name":"batch_size","type":"INT","widget":{"name":"batch_size"},"link":null}],"outputs":[{"localized_name":"LATENT","name":"LATENT","type":"LATENT","links":[2]}],"properties":{"cnr_id":"comfy-core","ver":"0.3.75","Node name for S&R":"EmptySD3LatentImage"},"widgets_values":[1024,1024,1],"color":"#233","bgcolor":"#355"},{"id":5,"type":"ModelSamplingAuraFlow","pos":[-29.22866485724601,115.76249732024701],"size":[270,58],"flags":{},"order":3,"mode":0,"inputs":[{"localized_name":"model","name":"model","type":"MODEL","link":1},{"localized_name":"shift","name":"shift","type":"FLOAT","widget":{"name":"shift"},"link":null}],"outputs":[{"localized_name":"MODEL","name":"MODEL","type":"MODEL","links":[22]}],"properties":{"cnr_id":"comfy-core","ver":"0.3.75","Node name for S&R":"ModelSamplingAuraFlow"},"widgets_values":[7],"color":"#233","bgcolor":"#355"},{"id":9,"type":"KSampler","pos":[-27.60060986950895,241.1227313759707],"size":[270,262],"flags":{},"order":10,"mode":0,"inputs":[{"localized_name":"model","name":"model","type":"MODEL","link":23},{"localized_name":"positive","name":"positive","type":"CONDITIONING","link":27},{"localized_name":"negative","name":"negative","type":"CONDITIONING","link":7},{"localized_name":"latent_image","name":"latent_image","type":"LATENT","link":2},{"localized_name":"seed","name":"seed","type":"INT","widget":{"name":"seed"},"link":null},{"localized_name":"steps","name":"steps","type":"INT","widget":{"name":"steps"},"link":null},{"localized_name":"cfg","name":"cfg","type":"FLOAT","widget":{"name":"cfg"},"link":null},{"localized_name":"sampler_name","name":"sampler_name","type":"COMBO","widget":{"name":"sampler_name"},"link":null},{"localized_name":"scheduler","name":"scheduler","type":"COMBO","widget":{"name":"scheduler"},"link":null},{"localized_name":"denoise","name":"denoise","type":"FLOAT","widget":{"name":"denoise"},"link":null}],"outputs":[{"localized_name":"LATENT","name":"LATENT","type":"LATENT","links":[12]}],"properties":{"cnr_id":"comfy-core","ver":"0.3.75","Node name for S&R":"KSampler"},"widgets_values":[1102147561947416,"randomize",9,1,"euler","ddim_uniform",1],"color":"#432","bgcolor":"#653"},{"id":13,"type":"PreviewAny","pos":[599.2005604091108,714.8867328073425],"size":[410.25712796428775,102.0488798037868],"flags":{},"order":9,"mode":0,"inputs":[{"localized_name":"source","name":"source","type":"*","link":24}],"outputs":[],"properties":{"cnr_id":"comfy-core","ver":"0.3.76","Node name for S&R":"PreviewAny"},"widgets_values":[],"color":"#2a363b","bgcolor":"#3f5159"},{"id":8,"type":"CLIPTextEncode","pos":[264.6352604292243,237.86662140049955],"size":[269.4439453125,88],"flags":{},"order":7,"mode":0,"inputs":[{"localized_name":"clip","name":"clip","type":"CLIP","link":21},{"localized_name":"text","name":"text","type":"STRING","widget":{"name":"text"},"link":9}],"outputs":[{"localized_name":"CONDITIONING","name":"CONDITIONING","type":"CONDITIONING","links":[7]}],"title":"CLIP Text Encode (Negative Prompt)","properties":{"cnr_id":"comfy-core","ver":"0.3.75","Node name for S&R":"CLIPTextEncode"},"widgets_values":[""],"color":"#322","bgcolor":"#533"},{"id":10,"type":"VAEDecode","pos":[265.44928792309463,605.8070486289859],"size":[140,46],"flags":{},"order":11,"mode":0,"inputs":[{"localized_name":"samples","name":"samples","type":"LATENT","link":12},{"localized_name":"vae","name":"vae","type":"VAE","link":13}],"outputs":[{"localized_name":"IMAGE","name":"IMAGE","type":"IMAGE","links":[14]}],"properties":{"cnr_id":"comfy-core","ver":"0.3.75","Node name for S&R":"VAEDecode"},"widgets_values":[],"color":"#233","bgcolor":"#355"},{"id":7,"type":"CLIPTextEncode","pos":[263.8212329353566,93.783754985802],"size":[263.2095703125,88],"flags":{},"order":5,"mode":0,"inputs":[{"localized_name":"clip","name":"clip","type":"CLIP","link":20},{"localized_name":"text","name":"text","type":"STRING","widget":{"name":"text"},"link":8}],"outputs":[{"localized_name":"CONDITIONING","name":"CONDITIONING","type":"CONDITIONING","links":[27]}],"title":"CLIP Text Encode (Positive Prompt)","properties":{"cnr_id":"comfy-core","ver":"0.3.75","Node name for S&R":"CLIPTextEncode"},"widgets_values":[""],"color":"#232","bgcolor":"#353"},{"id":11,"type":"SaveImage","pos":[1024.9369397022513,48.198215329175],"size":[643.6386196855669,620.4929982630208],"flags":{},"order":12,"mode":0,"inputs":[{"localized_name":"images","name":"images","type":"IMAGE","link":14},{"localized_name":"filename_prefix","name":"filename_prefix","type":"STRING","widget":{"name":"filename_prefix"},"link":null}],"outputs":[],"properties":{"cnr_id":"comfy-core","ver":"0.3.75"},"widgets_values":["ComfyUI"],"color":"#2a363b","bgcolor":"#3f5159"},{"id":12,"type":"PreviewAny","pos":[1027.3790221838556,717.3288152889482],"size":[631.6662418237979,131.1434571750218],"flags":{},"order":6,"mode":0,"inputs":[{"localized_name":"source","name":"source","type":"*","link":18}],"outputs":[],"properties":{"cnr_id":"comfy-core","ver":"0.3.75","Node name for S&R":"PreviewAny"},"widgets_values":[],"color":"#2a363b","bgcolor":"#3f5159"},{"id":6,"type":"UmiAIWildcardNode","pos":[586.9901480010859,55.52446277398989],"size":[231.376953125,424],"flags":{},"order":4,"mode":0,"inputs":[{"localized_name":"model","name":"model","shape":7,"type":"MODEL","link":22},{"localized_name":"clip","name":"clip","shape":7,"type":"CLIP","link":19},{"localized_name":"input_negative","name":"input_negative","shape":7,"type":"STRING","link":null},{"localized_name":"text","name":"text","type":"STRING","widget":{"name":"text"},"link":null},{"localized_name":"seed","name":"seed","type":"INT","widget":{"name":"seed"},"link":null},{"localized_name":"autorefresh","name":"autorefresh","type":"COMBO","widget":{"name":"autorefresh"},"link":null},{"localized_name":"lora_tags_behavior","name":"lora_tags_behavior","shape":7,"type":"COMBO","widget":{"name":"lora_tags_behavior"},"link":null},{"localized_name":"naturalize_prompt","name":"naturalize_prompt","shape":7,"type":"COMBO","widget":{"name":"naturalize_prompt"},"link":null},{"localized_name":"llm_model","name":"llm_model","shape":7,"type":"COMBO","widget":{"name":"llm_model"},"link":null},{"localized_name":"llm_temperature","name":"llm_temperature","shape":7,"type":"FLOAT","widget":{"name":"llm_temperature"},"link":null},{"localized_name":"llm_max_tokens","name":"llm_max_tokens","shape":7,"type":"INT","widget":{"name":"llm_max_tokens"},"link":null},{"localized_name":"custom_system_prompt","name":"custom_system_prompt","shape":7,"type":"STRING","widget":{"name":"custom_system_prompt"},"link":null},{"localized_name":"width","name":"width","shape":7,"type":"INT","widget":{"name":"width"},"link":null},{"localized_name":"height","name":"height","shape":7,"type":"INT","widget":{"name":"height"},"link":null},{"localized_name":"danbooru_threshold","name":"danbooru_threshold","shape":7,"type":"FLOAT","widget":{"name":"danbooru_threshold"},"link":null},{"localized_name":"danbooru_max_tags","name":"danbooru_max_tags","shape":7,"type":"INT","widget":{"name":"danbooru_max_tags"},"link":null}],"outputs":[{"localized_name":"model","name":"model","type":"MODEL","links":[23]},{"localized_name":"clip","name":"clip","type":"CLIP","links":[20,21]},{"localized_name":"text","name":"text","type":"STRING","links":[8,18]},{"localized_name":"negative_text","name":"negative_text","type":"STRING","links":[9]},{"localized_name":"width","name":"width","type":"INT","links":[10]},{"localized_name":"height","name":"height","type":"INT","links":[11]},{"localized_name":"lora_info","name":"lora_info","type":"STRING","links":[24]}],"properties":{"Node name for S&R":"UmiAIWildcardNode"},"widgets_values":["Watercolor portrait of Leviathan, She is the beautiful angel of chaos. <lora:Angelarium_000002250.safetensors:0.5>",139818749454895,"randomize","Yes","Append to Prompt","No","None",0.7,400,"",1024,1920,0.75,15],"color":"#223","bgcolor":"#335"}],"links":[[1,1,0,5,0,"MODEL"],[2,4,0,9,3,"LATENT"],[7,8,0,9,2,"CONDITIONING"],[8,6,2,7,1,"STRING"],[9,6,3,8,1,"STRING"],[10,6,4,4,0,"INT"],[11,6,5,4,1,"INT"],[12,9,0,10,0,"LATENT"],[13,3,0,10,1,"VAE"],[14,10,0,11,0,"IMAGE"],[18,6,2,12,0,"*"],[19,2,0,6,1,"CLIP"],[20,6,1,7,0,"CLIP"],[21,6,1,8,0,"CLIP"],[22,5,0,6,0,"MODEL"],[23,6,0,9,0,"MODEL"],[24,6,6,13,0,"*"],[27,7,0,9,1,"CONDITIONING"]],"groups":[],"config":{},"extra":{"ds":{"scale":1.2284597357368165,"offset":[394.3199958571949,117.13076867548443]},"workflowRendererVersion":"LG"},"version":0.4}